종목코드,종목명,시장구분,업종명,종가,대비,등락률,시가총액
"095570","AJ네트웍스","KOSPI","서비스업","4965","35","0.71","224679948435"
"006840","AK홀딩스","KOSPI","기타금융","17230","-10","-0.06","228255476030"
"027410","BGF","KOSPI","기타금융","4010","-70","-1.72","383824331910"
"282330","BGF리테일","KOSPI","유통업","132700","700","0.53","2293574326200"
"138930","BNK금융지주","KOSPI","기타금융","7950","70","0.89","2560603082100"
"001460","BYC","KOSPI","섬유의복","405500","-1500","-0.37","253281382500"
"001465","BYC우","KOSPI","섬유의복","144500","700","0.49","31123132500"
"001040","CJ","KOSPI","기타금융","100300","-1500","-1.47","2926452899400"
"079160","CJ CGV","KOSPI","서비스업","5600","40","0.72","685617430400"
"00104K","CJ4우(전환)","KOSPI","기타금융","76300","-300","-0.39","322482865600"
"000120","CJ대한통운","KOSPI","운수창고업","128300","-900","-0.70","2926823735200"
"011150","CJ씨푸드","KOSPI","음식료품","2850","0","0.00","102402703050"
"011155","CJ씨푸드1우","KOSPI","음식료품","21050","0","0.00","4210000000"
"001045","CJ우","KOSPI","기타금융","55000","0","0.00","124312265000"
"097950","CJ제일제당","KOSPI","음식료품","308000","4500","1.48","4636689288000"
"097955","CJ제일제당 우","KOSPI","음식료품","141200","800","0.57","187433539600"
"000480","CR홀딩스","KOSPI","비금속광물","6420","-270","-4.04","301036945800"
"000590","CS홀딩스","KOSPI","기타금융","67100","200","0.30","77465742200"
"012030","DB","KOSPI","서비스업","1582","-18","-1.13","318257162006"
"016610","DB금융투자","KOSPI","증권","4650","0","0.00","197375708850"
"005830","DB손해보험","KOSPI","보험","97800","4200","4.49","6924240000000"
"000990","DB하이텍","KOSPI","전기전자","48750","-600","-1.22","2164431165000"
"139130","DGB금융지주","KOSPI","기타금융","9350","140","1.52","1581513538550"
"001530","DI동일","KOSPI","유통업","28850","-3000","-9.42","713709850550"
"000210","DL","KOSPI","화학","50700","0","0.00","1062463318800"
"001880","DL건설","KOSPI","건설업","14350","0","0.00","316464625400"
"000215","DL우","KOSPI","화학","26400","-250","-0.94","44513436000"
"375500","DL이앤씨","KOSPI","건설업","39200","150","0.38","1401578203200"
"37550L","DL이앤씨2우(전환)","KOSPI","건설업","25400","50","0.20","53643555400"
"37550K","DL이앤씨우","KOSPI","건설업","19700","110","0.56","41643534500"
"007340","DN오토모티브","KOSPI","전기전자","86800","300","0.35","867479634000"
"004840","DRB동일","KOSPI","화학","5920","-30","-0.50","117985600000"
"155660","DSR","KOSPI","철강금속","4385","10","0.23","70160000000"
"069730","DSR제강","KOSPI","철강금속","4200","-20","-0.47","60480000000"
"017860","DS단석","KOSPI","화학","181100","-6100","-3.26","1061500264400"
"017940","E1","KOSPI","유통업","66800","-100","-0.15","458248000000"
"365550","ESR켄달스퀘어리츠","KOSPI","서비스업","3900","20","0.52","831047100000"
"383220","F&F","KOSPI","섬유의복","73200","900","1.24","2804077890000"
"007700","F&F홀딩스","KOSPI","기타금융","18230","510","2.88","713054910410"
"114090","GKL","KOSPI","서비스업","12640","-230","-1.79","781855668800"
"078930","GS","KOSPI","기타금융","48950","400","0.82","4548207753100"
"006360","GS건설","KOSPI","건설업","15570","-80","-0.51","1332503799300"
"001250","GS글로벌","KOSPI","유통업","2610","-45","-1.69","215413124040"
"007070","GS리테일","KOSPI","유통업","22700","-150","-0.66","2377096829400"
"078935","GS우","KOSPI","기타금융","37900","350","0.93","67644905400"
"012630","HDC","KOSPI","기타금융","8210","-50","-0.61","490479529410"
"039570","HDC랩스","KOSPI","건설업","8050","0","0.00","208958688050"
"089470","HDC현대EP","KOSPI","화학","4500","10","0.22","143550000000"
"294870","HDC현대산업개발","KOSPI","건설업","19120","-110","-0.57","1260148149600"
"009540","HD한국조선해양","KOSPI","기타금융","115000","-1800","-1.54","8138908340000"
"267250","HD현대","KOSPI","기타금융","69300","400","0.58","5474220790500"
"267270","HD현대건설기계","KOSPI","기계","53400","-400","-0.74","1052022346200"
"322000","HD현대에너지솔루션","KOSPI","전기전자","23400","-800","-3.31","262080000000"
"042670","HD현대인프라코어","KOSPI","기계","7860","-60","-0.76","1568883140580"
"267260","HD현대일렉트릭","KOSPI","전기전자","134100","5800","4.52","4833920803500"
"329180","HD현대중공업","KOSPI","운수장비","111400","600","0.54","9889325122400"
"097230","HJ중공업","KOSPI","건설업","3600","50","1.41","299787411600"
"014790","HL D&I","KOSPI","건설업","2070","-40","-1.90","78367304070"
"003580","HLB글로벌","KOSPI","광업","6970","-30","-0.43","302052623970"
"204320","HL만도","KOSPI","운수장비","34450","-500","-1.43","1617672784000"
"060980","HL홀딩스","KOSPI","기타금융","35200","50","0.14","357963232000"
"011200","HMM","KOSPI","운수창고업","19060","-50","-0.26","13133092793760"
"082740","HSD엔진","KOSPI","기계","8120","-30","-0.37","580937231280"
"035000","HS애드","KOSPI","서비스업","6310","0","0.00","104540350790"
"003560","IHQ","KOSPI","서비스업","10760","0","0.00","58906362440"
"175330","JB금융지주","KOSPI","기타금융","13390","380","2.92","2637600950660"
"234080","JW생명과학","KOSPI","의약품","13260","10","0.08","209966186040"
"001060","JW중외제약","KOSPI","의약품","34650","150","0.43","806857474500"
"001067","JW중외제약2우B","KOSPI","의약품","60900","-100","-0.16","12787355700"
"001065","JW중외제약우","KOSPI","의약품","31900","-100","-0.31","10908236900"
"096760","JW홀딩스","KOSPI","기타금융","3405","35","1.04","251714427510"
"105560","KB금융","KOSPI","기타금융","65800","900","1.39","26551028537600"
"432320","KB스타리츠","KOSPI","서비스업","3965","55","1.41","402107640025"
"002380","KCC","KOSPI","화학","275000","2000","0.73","2443779525000"
"344820","KCC글라스","KOSPI","비금속광물","42600","150","0.35","680343811200"
"009070","KCTC","KOSPI","운수창고업","3985","-45","-1.12","119550000000"
"009440","KC그린홀딩스","KOSPI","기타금융","3260","-15","-0.46","73138034800"
"119650","KC코트렐","KOSPI","기계","1463","-6","-0.41","74518534090"
"092220","KEC","KOSPI","전기전자","1544","-54","-3.38","309978289704"
"003620","KG모빌리티","KOSPI","운수장비","7930","-80","-1.00","1482561270320"
"016380","KG스틸","KOSPI","철강금속","7590","40","0.53","759067528230"
"001390","KG케미칼","KOSPI","화학","6500","-40","-0.61","445048760000"
"033180","KH 필룩스","KOSPI","전기전자","1326","0","0.00","120578746548"
"015590","KIB플러그에너지","KOSPI","기계","406","1","0.25","96214506864"
"001940","KISCO홀딩스","KOSPI","철강금속","27550","-150","-0.54","445659269000"
"025000","KPX케미칼","KOSPI","화학","46050","250","0.55","222882000000"
"092230","KPX홀딩스","KOSPI","화학","57000","200","0.35","240804822000"
"000040","KR모터스","KOSPI","운수장비","465","0","0.00","44704386225"
"044450","KSS해운","KOSPI","운수창고업","9060","10","0.11","209158072800"
"030200","KT","KOSPI","통신업","39400","-500","-1.25","10159713944000"
"033780","KT&G","KOSPI","기타제조업","93000","1000","1.09","12445492221000"
"058850","KTcs","KOSPI","서비스업","3915","-25","-0.63","167111775000"
"058860","KTis","KOSPI","서비스업","3145","-45","-1.41","109452290000"
"093050","LF","KOSPI","섬유의복","13710","-50","-0.36","400880400000"
"003550","LG","KOSPI","기타금융","101500","2500","2.53","15966050789500"
"034220","LG디스플레이","KOSPI","전기전자","11550","-130","-1.11","4132771335000"
"051900","LG생활건강","KOSPI","화학","321500","-8000","-2.43","5021250335500"
"051905","LG생활건강우","KOSPI","화학","160000","-3100","-1.90","335951520000"
"373220","LG에너지솔루션","KOSPI","전기전자","402000","-6500","-1.59","94068000000000"
"003555","LG우","KOSPI","기타금융","69300","1300","1.91","209398266000"
"032640","LG유플러스","KOSPI","통신업","10380","90","0.87","4532025927180"
"011070","LG이노텍","KOSPI","전기전자","207500","-500","-0.24","4910924702500"
"066570","LG전자","KOSPI","전기전자","97900","100","0.10","16021120990600"
"066575","LG전자우","KOSPI","전기전자","45950","-50","-0.11","789696332400"
"037560","LG헬로비전","KOSPI","서비스업","3780","-85","-2.20","292749149700"
"051910","LG화학","KOSPI","화학","472000","-9000","-1.87","33319585896000"
"051915","LG화학우","KOSPI","화학","315000","-7000","-2.17","2421972000000"
"079550","LIG넥스원","KOSPI","기계","133400","-4600","-3.33","2934800000000"
"006260","LS","KOSPI","기타금융","95300","-800","-0.83","3068660000000"
"010120","LS ELECTRIC","KOSPI","전기전자","67800","-1200","-1.74","2034000000000"
"000680","LS네트웍스","KOSPI","유통업","4190","-85","-1.99","330184637040"
"229640","LS에코에너지","KOSPI","기타금융","19800","-250","-1.25","606372604200"
"108320","LX세미콘","KOSPI","전기전자","79600","-1700","-2.09","1294638280000"
"001120","LX인터내셔널","KOSPI","유통업","28150","-50","-0.18","1091094000000"
"108670","LX하우시스","KOSPI","화학","42450","800","1.92","380677591500"
"108675","LX하우시스우","KOSPI","화학","21550","-150","-0.69","22246711500"
"383800","LX홀딩스","KOSPI","기타금융","7470","0","0.00","569816754300"
"38380K","LX홀딩스1우","KOSPI","기타금융","9150","-370","-3.89","13407357750"
"023150","MH에탄올","KOSPI","음식료품","6690","-40","-0.59","49362338940"
"035420","NAVER","KOSPI","서비스업","200500","-1500","-0.74","32562923097000"
"181710","NHN","KOSPI","서비스업","28350","250","0.89","990454934700"
"400760","NH올원리츠","KOSPI","서비스업","3380","10","0.30","142636000000"
"005940","NH투자증권","KOSPI","증권","11570","170","1.49","3837374705970"
"005945","NH투자증권우","KOSPI","증권","10580","80","0.76","199654841440"
"338100","NH프라임리츠","KOSPI","서비스업","4070","35","0.87","75946200000"
"034310","NICE","KOSPI","서비스업","13200","190","1.46","495045896400"
"030190","NICE평가정보","KOSPI","서비스업","10700","90","0.85","643152069000"
"008260","NI스틸","KOSPI","철강금속","5150","20","0.39","147290602550"
"004250","NPC","KOSPI","화학","5120","-60","-1.16","188006400000"
"004255","NPC우","KOSPI","화학","2875","-5","-0.17","15180000000"
"456040","OCI","KOSPI","화학","89300","-1600","-1.76","802854775500"
"010060","OCI홀딩스","KOSPI","화학","94300","-5000","-5.04","1868339024500"
"178920","PI첨단소재","KOSPI","화학","22650","-500","-2.16","665147193300"
"005490","POSCO홀딩스","KOSPI","철강금속","435500","-1000","-0.23","36830770665000"
"010950","S-Oil","KOSPI","화학","75100","800","1.08","8454967679200"
"010955","S-Oil우","KOSPI","화학","49850","350","0.71","200493060950"
"034120","SBS","KOSPI","서비스업","25800","-500","-1.90","478621940400"
"005090","SGC에너지","KOSPI","전기가스업","24000","0","0.00","345823992000"
"001380","SG글로벌","KOSPI","운수장비","1481","-14","-0.94","66591895783"
"004060","SG세계물산","KOSPI","유통업","439","-35","-7.38","88864557440"
"001770","SHD","KOSPI","철강금속","20850","-350","-1.65","25330206300"
"002360","SH에너지화학","KOSPI","화학","662","-8","-1.19","73570529260"
"009160","SIMPAC","KOSPI","철강금속","4025","-25","-0.62","263353801900"
"123700","SJM","KOSPI","운수장비","3805","-75","-1.93","59376636890"
"025530","SJM홀딩스","KOSPI","유통업","3900","-60","-1.52","58242631200"
"034730","SK","KOSPI","기타금융","204000","-500","-0.24","14932459116000"
"011790","SKC","KOSPI","화학","88100","-2900","-3.19","3336197053800"
"018670","SK가스","KOSPI","유통업","156600","1900","1.23","1445456210400"
"001740","SK네트웍스","KOSPI","유통업","6610","-70","-1.05","1558494331650"
"006120","SK디스커버리","KOSPI","기타금융","47700","400","0.85","908105683500"
"006125","SK디스커버리우","KOSPI","기타금융","32550","50","0.15","44217710250"
"210980","SK디앤디","KOSPI","서비스업","26050","350","1.36","578053772200"
"395400","SK리츠","KOSPI","서비스업","3915","-5","-0.13","1057569438285"
"302440","SK바이오사이언스","KOSPI","의약품","63900","-200","-0.31","4909293225000"
"326030","SK바이오팜","KOSPI","서비스업","92600","1700","1.87","7251806950000"
"402340","SK스퀘어","KOSPI","기타금융","69300","-3600","-4.94","9631385794800"
"361610","SK아이이테크놀로지","KOSPI","전기전자","71100","-500","-0.70","5069258791200"
"100090","SK오션플랜트","KOSPI","철강금속","13000","-470","-3.49","769542384000"
"03473K","SK우","KOSPI","기타금융","161800","2200","1.38","91600643000"
"096770","SK이노베이션","KOSPI","화학","123200","-300","-0.24","12400765484800"
"096775","SK이노베이션우","KOSPI","화학","87900","500","0.57","109736645400"
"001510","SK증권","KOSPI","증권","652","-3","-0.46","308128791492"
"001515","SK증권우","KOSPI","증권","2530","0","0.00","9898660420"
"285130","SK케미칼","KOSPI","화학","69900","-100","-0.14","1206039431700"
"28513K","SK케미칼우","KOSPI","화학","30200","200","0.67","63885955800"
"017670","SK텔레콤","KOSPI","통신업","52800","100","0.19","11340914798400"
"000660","SK하이닉스","KOSPI","전기전자","161400","4900","3.13","117499581711000"
"003570","SNT다이내믹스","KOSPI","운수장비","17300","-70","-0.40","575271658100"
"064960","SNT모티브","KOSPI","운수장비","44150","0","0.00","645611454400"
"100840","SNT에너지","KOSPI","기계","23650","150","0.64","177533715150"
"036530","SNT홀딩스","KOSPI","기타금융","21400","450","2.15","348903160400"
"005610","SPC삼립","KOSPI","음식료품","59800","100","0.17","516014738200"
"011810","STX","KOSPI","유통업","9570","-150","-1.54","296841561390"
"465770","STX그린로지스","KOSPI","운수창고업","9860","-140","-1.40","70706375520"
"077970","STX엔진","KOSPI","기계","12800","-100","-0.78","294513971200"
"071970","STX중공업","KOSPI","기계","10230","-140","-1.35","292093803870"
"002820","SUN&L","KOSPI","종이목재","2900","0","0.00","36563168100"
"084870","TBH글로벌","KOSPI","섬유의복","1710","-19","-1.10","35665160490"
"002710","TCC스틸","KOSPI","철강금속","79400","800","1.02","2081367541800"
"069260","TKG휴켐스","KOSPI","화학","20200","150","0.75","825747477600"
"002900","TYM","KOSPI","기계","5610","-100","-1.75","252735863160"
"024070","WISCOM","KOSPI","화학","2595","-10","-0.38","39772106610"
"037270","YG PLUS","KOSPI","서비스업","4200","-30","-0.71","266403522000"
"000500","가온전선","KOSPI","전기전자","26900","1650","6.53","197928747400"
"000860","강남제비스코","KOSPI","화학","23000","200","0.88","149500000000"
"035250","강원랜드","KOSPI","서비스업","17420","-250","-1.41","3726843510000"
"011420","갤럭시아에스엠","KOSPI","서비스업","2670","-75","-2.73","73557549480"
"002100","경농","KOSPI","화학","10070","-90","-0.89","196592330250"
"009450","경동나비엔","KOSPI","전기전자","56300","0","0.00","820211729600"
"267290","경동도시가스","KOSPI","전기가스업","19830","0","0.00","116905900980"
"012320","경동인베스트","KOSPI","기타금융","64400","-1000","-1.53","152307481200"
"000050","경방","KOSPI","유통업","8920","-30","-0.34","244544208400"
"214390","경보제약","KOSPI","의약품","7540","80","1.07","180257724400"
"012610","경인양행","KOSPI","화학","3525","-5","-0.14","146697686625"
"009140","경인전자","KOSPI","전기전자","22350","-250","-1.11","35107312950"
"013580","계룡건설","KOSPI","건설업","14730","-270","-1.80","131552260110"
"012200","계양전기","KOSPI","기계","1782","-10","-0.56","48511081278"
"012205","계양전기우","KOSPI","기계","4000","75","1.91","4676316000"
"002140","고려산업","KOSPI","음식료품","3200","-25","-0.78","79806160000"
"010130","고려아연","KOSPI","철강금속","463500","2500","0.54","9691130538000"
"002240","고려제강","KOSPI","철강금속","24200","-1300","-5.10","605000000000"
"009290","광동제약","KOSPI","의약품","7520","-10","-0.13","394204799520"
"017040","광명전기","KOSPI","전기전자","2255","-20","-0.88","97726321825"
"017900","광전자","KOSPI","전기전자","2660","-65","-2.39","154130409580"
"037710","광주신세계","KOSPI","유통업","31150","-300","-0.95","247866468500"
"030610","교보증권","KOSPI","증권","5450","40","0.74","621098137450"
"339770","교촌에프앤비","KOSPI","유통업","8180","20","0.25","204357177200"
"007690","국도화학","KOSPI","화학","40000","300","0.76","360424640000"
"005320","국동","KOSPI","유통업","699","-6","-0.85","46557871503"
"001140","국보","KOSPI","운수창고업","3005","-75","-2.44","38786785080"
"002720","국제약품","KOSPI","의약품","4695","-60","-1.26","99345411240"
"083420","그린케미칼","KOSPI","화학","7050","-100","-1.40","169200000000"
"014530","극동유화","KOSPI","화학","3980","-65","-1.61","138780291600"
"014280","금강공업","KOSPI","철강금속","6290","-20","-0.32","184481655530"
"014285","금강공업우","KOSPI","철강금속","9190","-60","-0.65","5420951250"
"008870","금비","KOSPI","비금속광물","65100","-700","-1.06","65100000000"
"001570","금양","KOSPI","화학","90900","-1100","-1.20","5276748363300"
"002990","금호건설","KOSPI","건설업","5050","-60","-1.17","186615654750"
"002995","금호건설우","KOSPI","건설업","12690","10","0.08","3708855540"
"011780","금호석유","KOSPI","화학","147300","0","0.00","4205073116700"
"011785","금호석유우","KOSPI","화학","71300","-1200","-1.66","215574551800"
"214330","금호에이치티","KOSPI","운수장비","652","2","0.31","132901861572"
"001210","금호전기","KOSPI","전기전자","748","-20","-2.60","27708173724"
"073240","금호타이어","KOSPI","화학","6530","-70","-1.06","1875809674110"
"092440","기신정기","KOSPI","기계","3155","-10","-0.32","92126000000"
"000270","기아","KOSPI","운수장비","118400","-900","-0.75","47602033635200"
"024110","기업은행","KOSPI","은행","13760","160","1.18","10972579957440"
"013700","까뮤이앤씨","KOSPI","건설업","1556","-34","-2.14","70256947680"
"004540","깨끗한나라","KOSPI","종이목재","2850","-40","-1.38","106135975050"
"004545","깨끗한나라우","KOSPI","종이목재","16420","-330","-1.97","6012347200"
"001260","남광토건","KOSPI","건설업","7260","-80","-1.09","71384472720"
"008350","남선알미늄","KOSPI","철강금속","2065","-10","-0.48","266548320850"
"008355","남선알미우","KOSPI","철강금속","25350","350","1.40","7805011500"
"004270","남성","KOSPI","유통업","2055","-40","-1.91","74415988800"
"003920","남양유업","KOSPI","음식료품","602000","-5000","-0.82","433440000000"
"003925","남양유업우","KOSPI","음식료품","425000","0","0.00","85000000000"
"025860","남해화학","KOSPI","화학","7440","-90","-1.20","369610591920"
"005720","넥센","KOSPI","화학","4560","120","2.70","244160535120"
"005725","넥센우","KOSPI","화학","3020","10","0.33","10873812000"
"002350","넥센타이어","KOSPI","화학","9400","290","3.18","918078043800"
"002355","넥센타이어1우B","KOSPI","화학","3415","30","0.89","22197500000"
"092790","넥스틸","KOSPI","철강금속","7250","10","0.14","188514500000"
"251270","넷마블","KOSPI","서비스업","63000","200","0.32","5415070626000"
"090350","노루페인트","KOSPI","화학","10600","-30","-0.28","212000000000"
"090355","노루페인트우","KOSPI","화학","16210","-200","-1.22","7507272460"
"000320","노루홀딩스","KOSPI","기타금융","12600","50","0.40","167468502600"
"000325","노루홀딩스우","KOSPI","기타금융","34150","-100","-0.29","8317539850"
"006280","녹십자","KOSPI","의약품","118500","500","0.42","1384854753000"
"005250","녹십자홀딩스","KOSPI","서비스업","16960","340","2.05","797598441600"
"005257","녹십자홀딩스2우","KOSPI","서비스업","30200","350","1.17","25548898000"
"004370","농심","KOSPI","음식료품","367000","2000","0.55","2232329614000"
"072710","농심홀딩스","KOSPI","기타금융","68000","1200","1.80","315369720000"
"058730","다스코","KOSPI","기계","4015","0","0.00","77878718115"
"030210","다올투자증권","KOSPI","증권","3580","-15","-0.42","218061759480"
"023590","다우기술","KOSPI","서비스업","22000","50","0.23","987065574000"
"145210","다이나믹디자인","KOSPI","기계","6120","0","0.00","105882689160"
"019680","대교","KOSPI","서비스업","2835","45","1.61","240132579750"
"019685","대교우B","KOSPI","서비스업","1657","-18","-1.07","32190522430"
"006370","대구백화점","KOSPI","유통업","9760","-10","-0.10","105618923360"
"008060","대덕","KOSPI","기타금융","6510","-50","-0.76","220624876500"
"00806K","대덕1우","KOSPI","기타금융","7700","20","0.26","9335148900"
"353200","대덕전자","KOSPI","전기전자","22800","-300","-1.30","1126705890000"
"35320K","대덕전자1우","KOSPI","전기전자","9750","-60","-0.61","20431310250"
"000490","대동","KOSPI","기계","13710","-190","-1.37","351535203480"
"008110","대동전자","KOSPI","전기전자","6890","10","0.15","72279179830"
"005750","대림B&Co","KOSPI","비금속광물","3695","-30","-0.81","61603926800"
"006570","대림통상","KOSPI","기계","2955","0","0.00","44989875000"
"001680","대상","KOSPI","음식료품","20200","360","1.81","699890105000"
"001685","대상우","KOSPI","음식료품","21000","150","0.72","28774683000"
"084690","대상홀딩스","KOSPI","기타금융","12110","710","6.23","438533835180"
"084695","대상홀딩스우","KOSPI","기타금융","30600","750","2.51","27952549200"
"128820","대성산업","KOSPI","유통업","3965","0","0.00","179358670270"
"117580","대성에너지","KOSPI","전기가스업","8770","-260","-2.88","241175000000"
"016710","대성홀딩스","KOSPI","서비스업","9700","-30","-0.31","156067752300"
"003540","대신증권","KOSPI","증권","16340","350","2.19","829637356000"
"003547","대신증권2우B","KOSPI","증권","14420","180","1.26","144200000000"
"003545","대신증권우","KOSPI","증권","14950","120","0.81","388700000000"
"009190","대양금속","KOSPI","철강금속","1469","-11","-0.74","56742989550"
"014160","대영포장","KOSPI","종이목재","1245","-30","-2.35","134951213505"
"047040","대우건설","KOSPI","건설업","3965","-35","-0.88","1647943759670"
"009320","대우부품","KOSPI","운수장비","1260","-21","-1.64","62117710200"
"003090","대웅","KOSPI","의약품","23350","550","2.41","1357615233000"
"069620","대웅제약","KOSPI","의약품","116100","1000","0.87","1345201357500"
"000430","대원강업","KOSPI","운수장비","5930","140","2.42","367660000000"
"006340","대원전선","KOSPI","전기전자","1182","-10","-0.84","85062079188"
"006345","대원전선우","KOSPI","전기전자","2430","0","0.00","6369516000"
"003220","대원제약","KOSPI","의약품","14750","-220","-1.47","327305361500"
"024890","대원화성","KOSPI","화학","1882","7","0.37","77630904064"
"002880","대유에이텍","KOSPI","운수장비","1046","-26","-2.43","48894244920"
"000300","대유플러스","KOSPI","전기전자","241","-1","-0.41","30475633069"
"012800","대창","KOSPI","철강금속","1409","-55","-3.76","128416963091"
"015230","대창단조","KOSPI","운수장비","5850","10","0.17","167147545500"
"001070","대한방직","KOSPI","섬유의복","7500","-10","-0.13","39750000000"
"006650","대한유화","KOSPI","화학","151800","3500","2.36","986700000000"
"001440","대한전선","KOSPI","전기전자","9260","0","0.00","1152381998000"
"084010","대한제강","KOSPI","철강금속","14010","270","1.97","328035701970"
"001790","대한제당","KOSPI","음식료품","3330","-40","-1.19","298689611400"
"001795","대한제당우","KOSPI","음식료품","2965","-10","-0.34","19221383400"
"001130","대한제분","KOSPI","음식료품","143200","7800","5.76","242008000000"
"003490","대한항공","KOSPI","운수창고업","23200","-250","-1.07","8542719335200"
"003495","대한항공우","KOSPI","운수창고업","25700","-250","-0.96","28547405800"
"005880","대한해운","KOSPI","운수창고업","2015","-50","-2.42","643142581900"
"003830","대한화섬","KOSPI","화학","117900","500","0.43","156571200000"
"016090","대현","KOSPI","섬유의복","2010","0","0.00","89007443100"
"069460","대호에이엘","KOSPI","철강금속","1089","-34","-3.03","73556391744"
"192080","더블유게임즈","KOSPI","서비스업","47700","-1050","-2.15","1025354716200"
"012510","더존비즈온","KOSPI","서비스업","51400","-2100","-3.93","1561675097600"
"004830","덕성","KOSPI","화학","9850","-330","-3.24","154448000000"
"004835","덕성우","KOSPI","화학","14710","-450","-2.97","20476320000"
"024900","덕양산업","KOSPI","운수장비","4915","-155","-3.06","160056876700"
"145720","덴티움","KOSPI","의료정밀","120500","9100","8.17","1333794015000"
"002150","도화엔지니어링","KOSPI","서비스업","7800","-40","-0.51","263016000000"
"460850","동국씨엠","KOSPI","철강금속","6730","-10","-0.15","201217954880"
"460860","동국제강","KOSPI","철강금속","12890","110","0.86","639447339130"
"001230","동국홀딩스","KOSPI","철강금속","8900","50","0.56","283024298700"
"023450","동남합성","KOSPI","화학","30000","-100","-0.33","105000000000"
"004140","동방","KOSPI","운수창고업","2200","-55","-2.44","105537885200"
"007590","동방아그로","KOSPI","화학","6360","-10","-0.16","86607789720"
"005960","동부건설","KOSPI","건설업","5450","20","0.37","125047214350"
"005965","동부건설우","KOSPI","건설업","24650","-100","-0.40","5564293800"
"026960","동서","KOSPI","유통업","17970","120","0.67","1791609000000"
"002210","동성제약","KOSPI","의약품","5390","-10","-0.19","140684228300"
"102260","동성케미컬","KOSPI","서비스업","4675","-25","-0.53","232299478400"
"000640","동아쏘시오홀딩스","KOSPI","기타금융","110200","600","0.55","699650212600"
"170900","동아에스티","KOSPI","의약품","69900","300","0.43","602186822400"
"028100","동아지질","KOSPI","건설업","14000","200","1.45","196737044000"
"282690","동아타이어","KOSPI","화학","13390","-40","-0.30","183885070850"
"001520","동양","KOSPI","비금속광물","1018","-7","-0.68","242980376134"
"001527","동양2우B","KOSPI","비금속광물","11630","-40","-0.34","3588657470"
"084670","동양고속","KOSPI","운수창고업","12040","20","0.17","34862650760"
"082640","동양생명","KOSPI","보험","5480","60","1.11","884245045800"
"001525","동양우","KOSPI","비금속광물","5760","-20","-0.35","3558130560"
"008970","동양철관","KOSPI","철강금속","745","0","0.00","88569541050"
"092780","동양피스톤","KOSPI","운수장비","4655","-55","-1.17","61299181300"
"049770","동원F&B","KOSPI","음식료품","32350","-50","-0.15","624213307000"
"018500","동원금속","KOSPI","운수장비","1815","-6","-0.33","84860203395"
"006040","동원산업","KOSPI","기타금융","38900","-50","-0.13","1808175668500"
"030720","동원수산","KOSPI","농업, 임업 및 어업","6760","-70","-1.02","31459721800"
"014820","동원시스템즈","KOSPI","화학","37150","0","0.00","1077026126300"
"014825","동원시스템즈우","KOSPI","화학","22850","-100","-0.44","6034936350"
"111380","동인기연","KOSPI","기타제조업","25900","-1000","-3.72","158715200000"
"163560","동일고무벨트","KOSPI","화학","6500","-140","-2.11","90350000000"
"004890","동일산업","KOSPI","철강금속","46950","-300","-0.63","113863844250"
"002690","동일제강","KOSPI","철강금속","1942","18","0.94","39423299120"
"000020","동화약품","KOSPI","의약품","9840","-30","-0.30","274845664800"
"000150","두산","KOSPI","기타금융","99900","700","0.71","1650731116500"
"000157","두산2우B","KOSPI","기타금융","68600","200","0.29","61262406800"
"454910","두산로보틱스","KOSPI","기계","79100","-2200","-2.71","5127260418000"
"241560","두산밥캣","KOSPI","기계","45400","350","0.78","4551312136400"
"034020","두산에너빌리티","KOSPI","기계","16350","50","0.31","10473174737100"
"000155","두산우","KOSPI","기타금융","53800","400","0.75","215009655600"
"336260","두산퓨얼셀","KOSPI","전기전자","20300","-500","-2.40","1329522637800"
"33626K","두산퓨얼셀1우","KOSPI","전기전자","6610","-10","-0.15","88337362000"
"33626L","두산퓨얼셀2우B","KOSPI","전기전자","8930","10","0.11","26667659000"
"016740","두올","KOSPI","운수장비","3775","50","1.34","124826717000"
"192650","드림텍","KOSPI","전기전자","10790","-250","-2.26","742332480890"
"024090","디씨엠","KOSPI","철강금속","11650","430","3.83","132810000000"
"003160","디아이","KOSPI","의료정밀","8770","180","2.10","248191000000"
"092200","디아이씨","KOSPI","운수장비","4600","-45","-0.97","178887417400"
"377190","디앤디플랫폼리츠","KOSPI","서비스업","3375","50","1.50","217350000000"
"013570","디와이","KOSPI","기타금융","6150","-50","-0.81","161865742950"
"210540","디와이파워","KOSPI","기계","13490","-90","-0.66","148952640920"
"115390","락앤락","KOSPI","화학","6640","-230","-3.35","287687369040"
"032350","롯데관광개발","KOSPI","서비스업","9090","-110","-1.20","688790850390"
"089860","롯데렌탈","KOSPI","서비스업","27650","850","3.17","1012931841950"
"330590","롯데리츠","KOSPI","서비스업","3185","15","0.47","773855895540"
"000400","롯데손해보험","KOSPI","보험","3050","-105","-3.33","946525776000"
"023530","롯데쇼핑","KOSPI","유통업","80000","-100","-0.12","2263100400000"
"020150","롯데에너지머티리얼즈","KOSPI","전기전자","36900","-600","-1.60","1701489811500"
"280360","롯데웰푸드","KOSPI","음식료품","134000","2100","1.59","1264232916000"
"004000","롯데정밀화학","KOSPI","화학","48100","-400","-0.82","1240980000000"
"286940","롯데정보통신","KOSPI","서비스업","40600","2200","5.73","625091038600"
"004990","롯데지주","KOSPI","기타금융","30500","-100","-0.33","3199731728500"
"00499K","롯데지주우","KOSPI","기타금융","37200","100","0.27","29968431600"
"005300","롯데칠성","KOSPI","음식료품","127500","200","0.16","1183057710000"
"005305","롯데칠성우","KOSPI","음식료품","68100","300","0.44","52798611000"
"011170","롯데케미칼","KOSPI","화학","129200","-1100","-0.84","5526584134800"
"071840","롯데하이마트","KOSPI","유통업","10680","-110","-1.02","252130364160"
"027740","마니커","KOSPI","음식료품","1200","-5","-0.41","76213473600"
"357430","마스턴프리미어리츠","KOSPI","서비스업","2890","0","0.00","76816200000"
"001080","만호제강","KOSPI","철강금속","47150","0","0.00","195672500000"
"088980","맥쿼리인프라","KOSPI","기타금융","12610","30","0.24","5495202886550"
"094800","맵스리얼티1","KOSPI","기타금융","4125","-20","-0.48","382941615375"
"138040","메리츠금융지주","KOSPI","기타금융","82600","7000","9.26","16798536616400"
"090370","메타랩스","KOSPI","섬유의복","2275","15","0.66","56658167475"
"017180","명문제약","KOSPI","의약품","2155","-5","-0.23","73169693370"
"009900","명신산업","KOSPI","운수장비","16570","-220","-1.31","869430103810"
"012690","모나리자","KOSPI","종이목재","2950","30","1.03","107885202250"
"005360","모나미","KOSPI","유통업","3020","-25","-0.82","57069867140"
"204210","모두투어리츠","KOSPI","서비스업","13600","1090","8.71","106444684000"
"009680","모토닉","KOSPI","운수장비","8490","-10","-0.12","280170000000"
"009580","무림P&P","KOSPI","종이목재","3215","15","0.47","200514161660"
"009200","무림페이퍼","KOSPI","종이목재","2280","-45","-1.94","94869226800"
"033920","무학","KOSPI","음식료품","5250","-10","-0.19","149625000000"
"008420","문배철강","KOSPI","철강금속","3115","5","0.16","63868418075"
"025560","미래산업","KOSPI","의료정밀","2310","-30","-1.28","70292768700"
"007120","미래아이앤지","KOSPI","서비스업","1140","-10","-0.87","31787285760"
"396690","미래에셋글로벌리츠","KOSPI","서비스업","3050","35","1.16","120798117000"
"357250","미래에셋맵스리츠","KOSPI","서비스업","3085","15","0.49","77109898925"
"085620","미래에셋생명","KOSPI","보험","5300","-360","-6.36","938185801700"
"006800","미래에셋증권","KOSPI","증권","8950","40","0.45","5417581851600"
"00680K","미래에셋증권2우B","KOSPI","증권","4085","25","0.62","571900000000"
"006805","미래에셋증권우","KOSPI","증권","4500","60","1.35","63340875000"
"002840","미원상사","KOSPI","화학","167000","0","0.00","793250000000"
"268280","미원에스씨","KOSPI","화학","133400","1000","0.76","667000000000"
"107590","미원홀딩스","KOSPI","기타금융","78500","-300","-0.38","182120000000"
"134380","미원화학","KOSPI","화학","69800","-600","-0.85","153508906400"
"003650","미창석유","KOSPI","화학","79800","-100","-0.13","138825825600"
"377740","바이오노트","KOSPI","의약품","4585","0","0.00","467926980080"
"003610","방림","KOSPI","섬유의복","2265","30","1.34","95841413850"
"001340","백광산업","KOSPI","화학","7790","0","0.00","349914390530"
"035150","백산","KOSPI","화학","12170","-10","-0.08","274007550000"
"002410","범양건영","KOSPI","건설업","1685","-16","-0.94","41841889670"
"007210","벽산","KOSPI","비금속광물","2555","0","0.00","175170800000"
"002760","보락","KOSPI","화학","1273","0","0.00","76252700000"
"003850","보령","KOSPI","의약품","12110","10","0.08","831835900000"
"000890","보해양조","KOSPI","음식료품","520","2","0.39","72342467080"
"003000","부광약품","KOSPI","의약품","6810","-140","-2.01","483939363690"
"001270","부국증권","KOSPI","증권","26600","200","0.76","275838967600"
"001275","부국증권우","KOSPI","증권","21500","0","0.00","64500000000"
"026940","부국철강","KOSPI","철강금속","3480","-40","-1.14","69600000000"
"011390","부산산업","KOSPI","비금속광물","60800","-200","-0.33","64204800000"
"005030","부산주공","KOSPI","운수장비","486","0","0.00","38288532168"
"002070","비비안","KOSPI","섬유의복","1138","-16","-1.39","33905560620"
"100220","비상교육","KOSPI","서비스업","6990","-410","-5.54","90847219590"
"090460","비에이치","KOSPI","전기전자","17530","-90","-0.51","604160563870"
"030790","비케이탑스","KOSPI","서비스업","904","0","0.00","19208323080"
"005180","빙그레","KOSPI","음식료품","57300","2000","3.62","564476109300"
"003960","사조대림","KOSPI","음식료품","39250","-250","-0.63","359705329750"
"008040","사조동아원","KOSPI","음식료품","941","5","0.53","132817068600"
"007160","사조산업","KOSPI","농업, 임업 및 어업","42400","0","0.00","212000000000"
"014710","사조씨푸드","KOSPI","음식료품","3645","-5","-0.14","62761589235"
"006090","사조오양","KOSPI","음식료품","8710","100","1.16","82072056690"
"001470","삼부토건","KOSPI","건설업","2495","-30","-1.19","509626838730"
"448730","삼성FN리츠","KOSPI","서비스업","5020","0","0.00","388046000000"
"006400","삼성SDI","KOSPI","전기전자","388500","-6500","-1.65","26715019905000"
"006405","삼성SDI우","KOSPI","전기전자","231000","-3000","-1.28","373733976000"
"006660","삼성공조","KOSPI","운수장비","8990","-90","-0.99","73055562860"
"028260","삼성물산","KOSPI","유통업","160000","-4100","-2.50","29694667200000"
"02826K","삼성물산우B","KOSPI","유통업","122300","-4000","-3.17","199034077500"
"207940","삼성바이오로직스","KOSPI","의약품","814000","-6000","-0.73","57935636000000"
"032830","삼성생명","KOSPI","보험","95600","3500","3.80","19120000000000"
"018260","삼성에스디에스","KOSPI","서비스업","168900","-1200","-0.71","13069110420000"
"028050","삼성엔지니어링","KOSPI","서비스업","23800","-250","-1.04","4664800000000"
"009150","삼성전기","KOSPI","전기전자","135700","-800","-0.59","10135934547200"
"009155","삼성전기우","KOSPI","전기전자","70000","0","0.00","203488880000"
"005930","삼성전자","KOSPI","전기전자","72900","-200","-0.27","435197147895000"
"005935","삼성전자우","KOSPI","전기전자","63200","0","0.00","52006439440000"
"001360","삼성제약","KOSPI","의약품","2200","95","4.51","147756573800"
"010140","삼성중공업","KOSPI","운수장비","7430","-60","-0.80","6538400000000"
"016360","삼성증권","KOSPI","증권","41800","1450","3.59","3732740000000"
"068290","삼성출판사","KOSPI","서비스업","23850","-400","-1.65","238500000000"
"029780","삼성카드","KOSPI","기타금융","38000","800","2.15","4402637858000"
"000810","삼성화재","KOSPI","보험","308500","7500","2.49","14615137214500"
"000815","삼성화재우","KOSPI","보험","234500","7500","3.30","748524000000"
"006110","삼아알미늄","KOSPI","철강금속","101900","-4600","-4.32","1499144240400"
"145990","삼양사","KOSPI","음식료품","50000","-1500","-2.91","515672450000"
"145995","삼양사우","KOSPI","음식료품","28450","-150","-0.52","10528491500"
"003230","삼양식품","KOSPI","음식료품","186000","300","0.16","1401140790000"
"002170","삼양통상","KOSPI","기타제조업","53700","1400","2.68","161100000000"
"272550","삼양패키징","KOSPI","화학","17940","240","1.36","283248757740"
"000070","삼양홀딩스","KOSPI","기타금융","73200","200","0.27","626904637200"
"000075","삼양홀딩스우","KOSPI","기타금융","55000","100","0.18","16723190000"
"003720","삼영","KOSPI","화학","4170","-60","-1.42","141780000000"
"002810","삼영무역","KOSPI","유통업","13810","-40","-0.29","255028551880"
"005680","삼영전자","KOSPI","전기전자","10080","-290","-2.80","201600000000"
"023000","삼원강재","KOSPI","운수장비","3025","15","0.50","121000000000"
"004380","삼익THK","KOSPI","기계","17380","-920","-5.03","364980000000"
"002450","삼익악기","KOSPI","기타제조업","1131","0","0.00","102390464865"
"004440","삼일씨엔에스","KOSPI","비금속광물","4560","35","0.77","58057678320"
"000520","삼일제약","KOSPI","의약품","9730","660","7.28","168624217930"
"009770","삼정펄프","KOSPI","종이목재","26000","350","1.36","64999246000"
"005500","삼진제약","KOSPI","의약품","20650","0","0.00","287035000000"
"004690","삼천리","KOSPI","전기가스업","107200","500","0.47","434698680000"
"010960","삼호개발","KOSPI","건설업","3380","-5","-0.15","84500000000"
"004450","삼화왕관","KOSPI","기계","32750","-100","-0.30","70555912250"
"009470","삼화전기","KOSPI","전기전자","17390","-180","-1.02","115014329800"
"011230","삼화전자","KOSPI","전기전자","4430","-20","-0.45","74878961000"
"001820","삼화콘덴서","KOSPI","전기전자","34000","-600","-1.73","353430000000"
"000390","삼화페인트","KOSPI","화학","6900","-30","-0.43","187703936100"
"001290","상상인증권","KOSPI","증권","796","1","0.13","86236347520"
"041650","상신브레이크","KOSPI","운수장비","3780","-15","-0.40","81162081000"
"075180","새론오토모티브","KOSPI","운수장비","4060","35","0.87","77952000000"
"007540","샘표","KOSPI","기타금융","50400","-400","-0.79","144940320000"
"248170","샘표식품","KOSPI","음식료품","28050","-250","-0.88","128140422300"
"007860","서연","KOSPI","기타금융","10970","-210","-1.88","257573888680"
"200880","서연이화","KOSPI","운수장비","19610","-490","-2.44","530027649570"
"017390","서울가스","KOSPI","전기가스업","61000","-200","-0.33","305000000000"
"004410","서울식품","KOSPI","음식료품","182","0","0.00","68205511738"
"004415","서울식품우","KOSPI","음식료품","1879","19","1.02","4179835500"
"021050","서원","KOSPI","철강금속","1376","-26","-1.85","65325035840"
"008490","서흥","KOSPI","화학","26800","100","0.37","310052228400"
"007610","선도전기","KOSPI","전기전자","3000","0","0.00","54000000000"
"136490","선진","KOSPI","음식료품","7330","0","0.00","174304497320"
"014910","성문전자","KOSPI","전기전자","1573","-32","-1.99","35331129405"
"014915","성문전자우","KOSPI","전기전자","6110","-590","-8.81","3666000000"
"003080","성보화학","KOSPI","화학","2920","-30","-1.02","58458400000"
"004980","성신양회","KOSPI","비금속광물","8630","-100","-1.15","211573709990"
"004985","성신양회우","KOSPI","비금속광물","12900","-220","-1.68","9489820500"
"011300","성안","KOSPI","섬유의복","1369","0","0.00","92988329737"
"000180","성창기업지주","KOSPI","서비스업","2070","-15","-0.72","144385812000"
"002420","세기상사","KOSPI","유통업","6130","-10","-0.16","34075738240"
"004360","세방","KOSPI","운수창고업","13020","-170","-1.29","251399143800"
"004365","세방우","KOSPI","운수창고업","7600","-40","-0.52","28038300000"
"004490","세방전지","KOSPI","전기전자","80400","-200","-0.25","1125600000000"
"001430","세아베스틸지주","KOSPI","철강금속","26300","1850","7.57","943173729700"
"306200","세아제강","KOSPI","철강금속","135400","100","0.07","384035020000"
"003030","세아제강지주","KOSPI","기타금융","228000","2500","1.11","944297796000"
"019440","세아특수강","KOSPI","철강금속","13960","0","0.00","119637200000"
"058650","세아홀딩스","KOSPI","철강금속","120700","-1200","-0.98","482800000000"
"013000","세우글로벌","KOSPI","유통업","1424","83","6.19","40875964144"
"091090","세원이앤씨","KOSPI","기계","1270","0","0.00","54838923850"
"021820","세원정공","KOSPI","운수장비","9170","-120","-1.29","91700000000"
"067830","세이브존I&C","KOSPI","유통업","2640","-35","-1.31","108347962800"
"033530","세종공업","KOSPI","운수장비","6140","-10","-0.16","170820700540"
"075580","세진중공업","KOSPI","운수장비","5690","120","2.15","323473404640"
"068270","셀트리온","KOSPI","의약품","180000","3500","1.98","39248957160000"
"336370","솔루스첨단소재","KOSPI","전기전자","12640","-190","-1.48","887547228160"
"33637K","솔루스첨단소재1우","KOSPI","전기전자","2965","-25","-0.84","50134491190"
"33637L","솔루스첨단소재2우B","KOSPI","전기전자","4925","25","0.51","18608107800"
"248070","솔루엠","KOSPI","전기전자","28550","500","1.78","1427658481050"
"004430","송원산업","KOSPI","화학","15820","30","0.19","379680000000"
"126720","수산인더스트리","KOSPI","건설업","21550","250","1.17","307863300000"
"017550","수산중공업","KOSPI","기계","2025","-45","-2.17","126358238250"
"053210","스카이라이프","KOSPI","서비스업","5690","-30","-0.52","270405613950"
"026890","스틱인베스트먼트","KOSPI","기타금융","7000","-190","-2.64","291747225000"
"134790","시디즈","KOSPI","기타제조업","27200","-550","-1.98","54400000000"
"016590","신대양제지","KOSPI","종이목재","6320","10","0.16","254682222400"
"029530","신도리코","KOSPI","전기전자","39400","-1050","-2.60","397153142600"
"004970","신라교역","KOSPI","농업, 임업 및 어업","9020","30","0.33","144320000000"
"011930","신성이엔지","KOSPI","전기전자","2000","-40","-1.96","411696302000"
"005390","신성통상","KOSPI","유통업","1958","-27","-1.36","281381027620"
"004170","신세계","KOSPI","유통업","185300","2000","1.09","1824312039300"
"035510","신세계 I&C","KOSPI","서비스업","13130","0","0.00","225836000000"
"034300","신세계건설","KOSPI","건설업","11530","-320","-2.70","89479187620"
"031430","신세계인터내셔날","KOSPI","유통업","17050","80","0.47","608685000000"
"031440","신세계푸드","KOSPI","서비스업","39700","0","0.00","153737456000"
"006880","신송홀딩스","KOSPI","유통업","6980","-40","-0.57","82565428840"
"005800","신영와코루","KOSPI","섬유의복","9720","-30","-0.31","87480000000"
"001720","신영증권","KOSPI","증권","68500","1200","1.78","645897460000"
"001725","신영증권우","KOSPI","증권","67800","1000","1.50","475334952000"
"009270","신원","KOSPI","섬유의복","1308","2","0.15","134182953648"
"002700","신일전자","KOSPI","유통업","1817","9","0.50","129093345657"
"002870","신풍","KOSPI","유통업","841","13","1.57","29400266700"
"019170","신풍제약","KOSPI","의약품","12590","-120","-0.94","667081024100"
"019175","신풍제약우","KOSPI","의약품","19050","-210","-1.09","41910000000"
"404990","신한서부티엔디리츠","KOSPI","서비스업","3760","0","0.00","210394123840"
"293940","신한알파리츠","KOSPI","서비스업","6850","50","0.74","603485842550"
"055550","신한지주","KOSPI","기타금융","43300","700","1.64","22202485094300"
"004080","신흥","KOSPI","유통업","14350","0","0.00","136325000000"
"102280","쌍방울","KOSPI","섬유의복","269","0","0.00","70637282701"
"003410","쌍용C&E","KOSPI","비금속광물","6950","0","0.00","3465943927600"
"004770","써니전자","KOSPI","전기전자","2250","-10","-0.44","82581489000"
"403550","쏘카","KOSPI","서비스업","18510","-290","-1.54","606911007270"
"004920","씨아이테크","KOSPI","기타제조업","1250","-63","-4.80","62582241250"
"112610","씨에스윈드","KOSPI","기계","49800","-2800","-5.32","2100135869400"
"308170","씨티알모빌리티","KOSPI","운수장비","11020","-150","-1.34","94882200000"
"008700","아남전자","KOSPI","전기전자","2180","-35","-1.58","168132107600"
"002790","아모레G","KOSPI","화학","28550","-250","-0.87","2354181039000"
"00279K","아모레G3우(전환)","KOSPI","화학","19240","-60","-0.31","136453928000"
"002795","아모레G우","KOSPI","화학","10840","-20","-0.18","69850466800"
"090430","아모레퍼시픽","KOSPI","화학","124700","-2300","-1.81","7294047047300"
"090435","아모레퍼시픽우","KOSPI","화학","38250","450","1.19","403836997500"
"002030","아세아","KOSPI","서비스업","196200","1100","0.56","419083984800"
"183190","아세아시멘트","KOSPI","비금속광물","11400","230","2.06","444122226000"
"002310","아세아제지","KOSPI","종이목재","47100","1100","2.39","421851244200"
"012170","아센디오","KOSPI","서비스업","1960","452","29.97","202996196480"
"267850","아시아나IDT","KOSPI","서비스업","18550","-640","-3.34","205905000000"
"020560","아시아나항공","KOSPI","운수창고업","11990","-200","-1.64","892197050360"
"122900","아이마켓코리아","KOSPI","유통업","8690","20","0.23","290496619600"
"010780","아이에스동서","KOSPI","비금속광물","28000","50","0.18","864992968000"
"139990","아주스틸","KOSPI","철강금속","6870","-130","-1.86","181726538430"
"001780","알루코","KOSPI","철강금속","3395","-100","-2.86","327326657140"
"018250","애경산업","KOSPI","화학","16710","240","1.46","441310013850"
"161000","애경케미칼","KOSPI","화학","14050","370","2.70","683514361450"
"011090","에넥스","KOSPI","기타제조업","524","0","0.00","31435619884"
"137310","에스디바이오센서","KOSPI","의료정밀","12700","270","2.17","1580862383100"
"118000","에스메디","KOSPI","유통업","420","0","0.00","59966492460"
"005850","에스엘","KOSPI","운수장비","33600","-600","-1.75","1560670272000"
"010580","에스엠벡셀","KOSPI","운수장비","1600","-24","-1.48","178002816000"
"012750","에스원","KOSPI","서비스업","60400","-200","-0.33","2295150351200"
"023960","에쓰씨엔지니어링","KOSPI","건설업","1593","-6","-0.38","52311306762"
"298690","에어부산","KOSPI","운수창고업","2850","-15","-0.52","332424000000"
"140910","에이리츠","KOSPI","서비스업","3130","0","0.00","13969290160"
"078520","에이블씨엔씨","KOSPI","화학","6860","-140","-2.00","178457144460"
"015260","에이엔피","KOSPI","전기전자","1030","-40","-3.74","46470400820"
"007460","에이프로젠","KOSPI","기계","877","-23","-2.56","232262275266"
"003060","에이프로젠바이오로직스","KOSPI","의약품","187","4","2.19","124496126843"
"244920","에이플러스에셋","KOSPI","기타금융","4070","-80","-1.93","92013310510"
"450080","에코프로머티","KOSPI","전기전자","202000","7100","3.64","13935014036000"
"036570","엔씨소프트","KOSPI","서비스업","205000","1000","0.49","4500574510000"
"085310","엔케이","KOSPI","기계","967","-5","-0.51","77343901384"
"900140","엘브이엠씨홀딩스","KOSPI","유통업","2885","-20","-0.69","495032565735"
"066970","엘앤에프","KOSPI","전기전자","165600","100","0.06","6002639820000"
"097520","엠씨넥스","KOSPI","전기전자","25550","50","0.20","459331052600"
"014440","영보화학","KOSPI","화학","3580","-20","-0.56","71600000000"
"111770","영원무역","KOSPI","유통업","51000","1050","2.10","2259884868000"
"009970","영원무역홀딩스","KOSPI","기타금융","103000","5300","5.42","1404465976000"
"003520","영진약품","KOSPI","의약품","2065","20","0.98","377673489515"
"000670","영풍","KOSPI","철강금속","517000","1000","0.19","952334680000"
"006740","영풍제지","KOSPI","종이목재","2220","-45","-1.99","103190368560"
"012280","영화금속","KOSPI","운수장비","937","7","0.75","50030651185"
"012160","영흥","KOSPI","철강금속","554","-2","-0.36","56125946088"
"015360","예스코홀딩스","KOSPI","서비스업","39200","300","0.77","235200000000"
"007310","오뚜기","KOSPI","음식료품","406500","1000","0.25","1629182895000"
"002630","오리엔트바이오","KOSPI","의약품","579","2","0.35","68659559895"
"271560","오리온","KOSPI","음식료품","96600","1500","1.58","3819190351200"
"001800","오리온홀딩스","KOSPI","기타금융","15090","200","1.34","945319417980"
"011690","와이투솔루션","KOSPI","전기전자","2780","-10","-0.36","101676815320"
"070960","용평리조트","KOSPI","서비스업","3055","20","0.66","147047332315"
"316140","우리금융지주","KOSPI","기타금융","14920","90","0.61","11219085958120"
"006980","우성","KOSPI","음식료품","20000","0","0.00","61800000000"
"017370","우신시스템","KOSPI","기계","8760","-150","-1.68","160431113040"
"105840","우진","KOSPI","의료정밀","8830","0","0.00","179457511620"
"010400","우진아이엔에스","KOSPI","건설업","5100","-50","-0.97","38872200000"
"049800","우진플라임","KOSPI","기계","3060","5","0.16","61200000000"
"016880","웅진","KOSPI","서비스업","1294","-49","-3.65","103425641520"
"095720","웅진씽크빅","KOSPI","서비스업","2490","-40","-1.58","287609902650"
"005820","원림","KOSPI","섬유의복","18140","-340","-1.84","41685175800"
"010600","웰바이오텍","KOSPI","유통업","950","-13","-1.35","86377236650"
"008600","윌비스","KOSPI","유통업","537","-8","-1.47","36105752943"
"033270","유나이티드제약","KOSPI","의약품","23800","150","0.63","386626763600"
"014830","유니드","KOSPI","화학","78500","-3000","-3.68","531256600000"
"446070","유니드비티플러스","KOSPI","종이목재","5940","-120","-1.98","63030617100"
"000910","유니온","KOSPI","비금속광물","5640","-20","-0.35","88049531160"
"047400","유니온머티리얼","KOSPI","비금속광물","3065","40","1.32","128730000000"
"011330","유니켐","KOSPI","기타제조업","2085","-10","-0.48","201666210255"
"077500","유니퀘스트","KOSPI","유통업","9630","430","4.67","209876364450"
"002920","유성기업","KOSPI","운수장비","2970","0","0.00","77064075000"
"000700","유수홀딩스","KOSPI","서비스업","5920","60","1.02","154167527040"
"003470","유안타증권","KOSPI","증권","2730","-10","-0.36","544898652480"
"003475","유안타증권우","KOSPI","증권","2725","15","0.55","35185777700"
"072130","유엔젤","KOSPI","서비스업","4015","-20","-0.50","52979747810"
"000220","유유제약","KOSPI","의약품","5050","0","0.00","86013372550"
"000225","유유제약1우","KOSPI","의약품","5740","-20","-0.35","13012178200"
"000227","유유제약2우B","KOSPI","의약품","12690","-240","-1.86","4131356400"
"001200","유진투자증권","KOSPI","증권","4290","-75","-1.72","415556933220"
"000100","유한양행","KOSPI","의약품","67000","2700","4.20","5374007288000"
"000105","유한양행우","KOSPI","의약품","60100","300","0.50","70974494000"
"003460","유화증권","KOSPI","증권","2270","0","0.00","128714482050"
"003465","유화증권우","KOSPI","증권","2275","-10","-0.44","39758866875"
"008730","율촌화학","KOSPI","화학","48450","1950","4.19","1201560000000"
"008250","이건산업","KOSPI","종이목재","6240","-10","-0.16","68344442400"
"025820","이구산업","KOSPI","철강금속","3985","-70","-1.73","133266370000"
"214320","이노션","KOSPI","서비스업","22150","0","0.00","886000000000"
"088260","이리츠코크렙","KOSPI","서비스업","4840","0","0.00","306573295600"
"139480","이마트","KOSPI","유통업","75200","400","0.53","2096261588800"
"457190","이수스페셜티케미컬","KOSPI","화학","269000","15500","6.11","1506069937000"
"007660","이수페타시스","KOSPI","전기전자","30400","-450","-1.46","1922691137600"
"005950","이수화학","KOSPI","화학","12930","-130","-1.00","293805015270"
"015020","이스타코","KOSPI","서비스업","738","-3","-0.40","31624480800"
"093230","이아이디","KOSPI","유통업","1392","0","0.00","354103029120"
"074610","이엔플러스","KOSPI","기계","3135","-135","-4.13","218963673720"
"102460","이연제약","KOSPI","의약품","15030","-70","-0.46","279359769330"
"084680","이월드","KOSPI","기타제조업","2090","-30","-1.42","296374943370"
"350520","이지스레지던스리츠","KOSPI","서비스업","3665","-25","-0.68","103934331305"
"334890","이지스밸류리츠","KOSPI","서비스업","4715","-10","-0.21","242555956335"
"000760","이화산업","KOSPI","유통업","15500","180","1.17","43400000000"
"014990","인디에프","KOSPI","섬유의복","777","0","0.00","58362797115"
"101140","인바이오젠","KOSPI","유통업","9340","0","0.00","93812977440"
"006490","인스코비","KOSPI","통신업","1281","15","1.18","148852392150"
"023800","인지컨트롤스","KOSPI","운수장비","8410","-200","-2.32","132955346770"
"034590","인천도시가스","KOSPI","전기가스업","25500","-50","-0.20","111556227000"
"129260","인터지스","KOSPI","운수창고업","2420","-55","-2.22","71989855080"
"023810","인팩","KOSPI","운수장비","8890","-60","-0.67","88900000000"
"249420","일동제약","KOSPI","의약품","15950","70","0.44","447596890950"
"000230","일동홀딩스","KOSPI","의약품","9420","10","0.11","108710568000"
"013360","일성건설","KOSPI","건설업","1260","13","1.04","68071348800"
"003120","일성신약","KOSPI","의약품","24250","800","3.41","322525000000"
"003200","일신방직","KOSPI","섬유의복","9300","90","0.98","216504000000"
"007110","일신석재","KOSPI","유통업","1105","-13","-1.16","85589554050"
"007570","일양약품","KOSPI","의약품","14560","10","0.07","277887267840"
"007575","일양약품우","KOSPI","의약품","15160","-220","-1.43","6747412800"
"008500","일정실업","KOSPI","섬유의복","12900","0","0.00","15480000000"
"081000","일진다이아","KOSPI","화학","14610","-250","-1.68","207505464750"
"020760","일진디스플","KOSPI","전기전자","1039","-8","-0.76","53522776899"
"103590","일진전기","KOSPI","전기전자","10700","-60","-0.56","510233673000"
"271940","일진하이솔루스","KOSPI","운수장비","24300","-550","-2.21","882410517000"
"015860","일진홀딩스","KOSPI","기타금융","4215","-25","-0.59","207999640845"
"226320","잇츠한불","KOSPI","화학","11850","-100","-0.84","259862382750"
"317400","자이에스앤디","KOSPI","서비스업","4675","-35","-0.74","181308281000"
"033240","자화전자","KOSPI","전기전자","29400","-550","-1.84","651382578000"
"000950","전방","KOSPI","섬유의복","24700","-250","-1.00","41496000000"
"348950","제이알글로벌리츠","KOSPI","서비스업","4035","-5","-0.12","796412160000"
"194370","제이에스코퍼레이션","KOSPI","기타제조업","18820","-640","-3.29","250976010820"
"025620","제이준코스메틱","KOSPI","화학","6080","420","7.42","27267863680"
"030000","제일기획","KOSPI","서비스업","18650","-160","-0.85","2145518846250"
"271980","제일약품","KOSPI","의약품","16830","0","0.00","247482995760"
"001560","제일연마","KOSPI","비금속광물","8470","-120","-1.40","84700000000"
"002620","제일파마홀딩스","KOSPI","서비스업","10960","230","2.14","175067970800"
"006220","제주은행","KOSPI","은행","12310","-490","-3.83","395505207940"
"089590","제주항공","KOSPI","운수창고업","11240","80","0.72","906404671400"
"004910","조광페인트","KOSPI","화학","6110","-10","-0.16","78208000000"
"004700","조광피혁","KOSPI","기타제조업","56900","700","1.25","378335952200"
"001550","조비","KOSPI","화학","13380","-30","-0.22","69472157820"
"462520","조선내화","KOSPI","비금속광물","19220","-370","-1.89","227856328960"
"120030","조선선재","KOSPI","기계","97500","-2100","-2.11","122620972500"
"018470","조일알미늄","KOSPI","철강금속","2055","-30","-1.44","260228186655"
"002600","조흥","KOSPI","음식료품","167700","-2300","-1.35","100620000000"
"185750","종근당","KOSPI","의약품","111100","900","0.82","1463678062000"
"063160","종근당바이오","KOSPI","의약품","24000","1900","8.60","131663088000"
"001630","종근당홀딩스","KOSPI","의약품","62200","1300","2.13","311613354200"
"109070","주성코퍼레이션","KOSPI","전기전자","4100","0","0.00","216521943000"
"044380","주연테크","KOSPI","전기전자","521","0","0.00","30842806124"
"013890","지누스","KOSPI","기타제조업","15400","110","0.72","319322141600"
"013870","지엠비코리아","KOSPI","운수장비","4360","-80","-1.80","83155140800"
"071320","지역난방공사","KOSPI","전기가스업","39500","-1650","-4.01","457360388000"
"088790","진도","KOSPI","유통업","2060","-30","-1.44","25642352640"
"003780","진양산업","KOSPI","화학","6260","0","0.00","81380000000"
"010640","진양폴리","KOSPI","화학","5420","30","0.56","54200000000"
"100250","진양홀딩스","KOSPI","화학","3245","-15","-0.46","181380222540"
"051630","진양화학","KOSPI","화학","2850","15","0.53","45030000000"
"272450","진에어","KOSPI","운수창고업","12800","90","0.71","668160000000"
"011000","진원생명과학","KOSPI","의약품","2555","-30","-1.16","200500602435"
"002780","진흥기업","KOSPI","건설업","1068","2","0.19","155363823660"
"002787","진흥기업2우B","KOSPI","건설업","12670","-10","-0.08","3735217360"
"002785","진흥기업우B","KOSPI","건설업","4625","-5","-0.11","3964633250"
"009310","참엔지니어링","KOSPI","기계","618","-15","-2.37","52448064942"
"000650","천일고속","KOSPI","운수창고업","49850","300","0.61","71246617000"
"012600","청호ICT","KOSPI","기계","2490","0","0.00","116119947330"
"033250","체시스","KOSPI","운수장비","1590","-19","-1.18","50880000000"
"035720","카카오","KOSPI","서비스업","57100","-800","-1.38","25409447867700"
"323410","카카오뱅크","KOSPI","은행","30100","450","1.52","14353851323700"
"377300","카카오페이","KOSPI","기타금융","46800","-200","-0.43","6284962944000"
"006380","카프로","KOSPI","화학","732","0","0.00","29280000000"
"001620","케이비아이동국실업","KOSPI","운수장비","564","4","0.71","62769269484"
"029460","케이씨","KOSPI","의료정밀","21300","-700","-3.18","288701137200"
"281820","케이씨텍","KOSPI","의료정밀","32550","-100","-0.31","679043647800"
"381970","케이카","KOSPI","유통업","12490","60","0.48","601794091770"
"145270","케이탑리츠","KOSPI","서비스업","979","0","0.00","47051497746"
"417310","코람코더원리츠","KOSPI","서비스업","4955","0","0.00","200182000000"
"357120","코람코라이프인프라리츠","KOSPI","서비스업","4860","0","0.00","430277543640"
"007815","코리아써우","KOSPI","전기전자","7200","-80","-1.10","21345768000"
"007810","코리아써키트","KOSPI","전기전자","20050","-100","-0.50","473596057550"
"00781K","코리아써키트2우B","KOSPI","전기전자","7840","10","0.13","6144200160"
"003690","코리안리","KOSPI","보험","8020","160","2.04","1326247558520"
"192820","코스맥스","KOSPI","화학","111800","-1900","-1.67","1268875106200"
"044820","코스맥스비티아이","KOSPI","기타금융","10050","-50","-0.50","96519406050"
"005070","코스모신소재","KOSPI","화학","178000","-4200","-2.31","5786914568000"
"005420","코스모화학","KOSPI","화학","37800","100","0.27","1451831018400"
"071950","코아스","KOSPI","기타제조업","519","-12","-2.26","16040841990"
"002020","코오롱","KOSPI","기타금융","17900","-60","-0.33","226013025400"
"003070","코오롱글로벌","KOSPI","건설업","9910","-100","-1.00","187623185830"
"003075","코오롱글로벌우","KOSPI","건설업","14710","-280","-1.87","10896241270"
"450140","코오롱모빌리티그룹","KOSPI","유통업","3835","365","10.52","240750753750"
"45014K","코오롱모빌리티그룹우","KOSPI","유통업","6130","120","2.00","15056015600"
"002025","코오롱우","KOSPI","기타금융","13860","-140","-1.00","14918765400"
"120110","코오롱인더","KOSPI","화학","41150","700","1.73","1132410594650"
"120115","코오롱인더우","KOSPI","화학","22300","100","0.45","61723278000"
"138490","코오롱플라스틱","KOSPI","화학","7290","-130","-1.75","277020000000"
"021240","코웨이","KOSPI","서비스업","55300","-300","-0.54","4081118930700"
"036420","콘텐트리중앙","KOSPI","서비스업","13200","-40","-0.30","254262465600"
"031820","콤텍시스템","KOSPI","서비스업","811","-7","-0.86","98172738926"
"192400","쿠쿠홀딩스","KOSPI","기타금융","16660","-10","-0.06","592466002100"
"284740","쿠쿠홈시스","KOSPI","서비스업","21000","200","0.96","471183930000"
"264900","크라운제과","KOSPI","음식료품","8290","-30","-0.36","103822716500"
"26490K","크라운제과우","KOSPI","음식료품","10700","-140","-1.29","8277092000"
"005740","크라운해태홀딩스","KOSPI","기타금융","6220","20","0.32","92350498340"
"005745","크라운해태홀딩스우","KOSPI","기타금융","10250","-60","-0.58","6157441500"
"259960","크래프톤","KOSPI","서비스업","224500","-500","-0.22","10857828678500"
"020120","키다리스튜디오","KOSPI","서비스업","6090","-100","-1.62","225273764940"
"039490","키움증권","KOSPI","증권","126400","4700","3.86","3315055638400"
"014580","태경비케이","KOSPI","비금속광물","6140","-10","-0.16","169360234000"
"015890","태경산업","KOSPI","화학","6240","-110","-1.73","182387400000"
"006890","태경케미컬","KOSPI","화학","13540","-140","-1.02","157064000000"
"003240","태광산업","KOSPI","화학","813000","-12000","-1.45","905194200000"
"011280","태림포장","KOSPI","종이목재","3075","-120","-3.76","217728265500"
"004100","태양금속","KOSPI","운수장비","2890","30","1.05","106063000000"
"004105","태양금속우","KOSPI","운수장비","5840","140","2.46","19272000000"
"009410","태영건설","KOSPI","건설업","2540","20","0.79","98803708920"
"009415","태영건설우","KOSPI","건설업","4135","-25","-0.60","5384357170"
"001420","태원물산","KOSPI","운수장비","4670","50","1.08","35492000000"
"007980","태평양물산","KOSPI","섬유의복","1965","-5","-0.25","100240138245"
"055490","테이팩스","KOSPI","화학","24000","-50","-0.21","114351600000"
"078000","텔코웨어","KOSPI","서비스업","10710","40","0.37","103915981260"
"214420","토니모리","KOSPI","화학","6150","40","0.65","147937013850"
"019180","티에이치엔","KOSPI","전기전자","3670","-20","-0.54","66060000000"
"363280","티와이홀딩스","KOSPI","기타금융","4005","5","0.13","201969218340"
"36328K","티와이홀딩스우","KOSPI","기타금융","6270","0","0.00","7793697780"
"091810","티웨이항공","KOSPI","운수창고업","2870","-5","-0.17","576214351370"
"004870","티웨이홀딩스","KOSPI","비금속광물","500","-1","-0.20","55805846500"
"005690","파미셀","KOSPI","의약품","5680","-10","-0.18","340896355520"
"036580","팜스코","KOSPI","음식료품","3140","10","0.32","115325741020"
"004720","팜젠사이언스","KOSPI","의약품","5930","20","0.34","107798653250"
"028670","팬오션","KOSPI","운수창고업","4485","-35","-0.77","2397544261320"
"010820","퍼스텍","KOSPI","기계","3310","-105","-3.07","161435114780"
"016800","퍼시스","KOSPI","기타제조업","32850","-50","-0.15","377775000000"
"001020","페이퍼코리아","KOSPI","종이목재","954","36","3.92","169796080602"
"090080","평화산업","KOSPI","운수장비","1255","-14","-1.10","68902335045"
"010770","평화홀딩스","KOSPI","운수장비","3225","10","0.31","47167127850"
"022100","포스코DX","KOSPI","서비스업","57000","0","0.00","8665979553000"
"058430","포스코스틸리온","KOSPI","철강금속","50600","-1100","-2.13","303600000000"
"047050","포스코인터내셔널","KOSPI","유통업","57800","-700","-1.20","10168337146400"
"003670","포스코퓨처엠","KOSPI","전기전자","314500","9000","2.95","24362182690000"
"017810","풀무원","KOSPI","음식료품","10490","-80","-0.76","399884485580"
"103140","풍산","KOSPI","철강금속","42200","0","0.00","1182624531600"
"005810","풍산홀딩스","KOSPI","기타금융","43300","-100","-0.23","432936262400"
"950210","프레스티지바이오파마","KOSPI","서비스업","8610","10","0.12","517427894550"
"009810","플레이그램","KOSPI","유통업","531","-34","-6.02","67304349297"
"086790","하나금융지주","KOSPI","기타금융","58900","1900","3.33","17219803622200"
"293480","하나제약","KOSPI","의약품","13850","-60","-0.43","246155302100"
"039130","하나투어","KOSPI","서비스업","63400","0","0.00","1016884329000"
"352820","하이브","KOSPI","서비스업","215500","-2000","-0.92","8976026903500"
"071090","하이스틸","KOSPI","철강금속","3155","-60","-1.87","63704091005"
"019490","하이트론","KOSPI","전기전자","1096","-2","-0.18","30261901504"
"000080","하이트진로","KOSPI","음식료품","20650","-250","-1.20","1448259067150"
"000087","하이트진로2우B","KOSPI","음식료품","15730","-20","-0.13","17777070740"
"000140","하이트진로홀딩스","KOSPI","기타금융","9270","20","0.22","215126711550"
"000145","하이트진로홀딩스우","KOSPI","기타금융","12610","0","0.00","5936914100"
"152550","한국ANKOR유전","KOSPI","기타금융","368","-5","-1.34","25767360000"
"036460","한국가스공사","KOSPI","전기가스업","30200","50","0.17","2787852600000"
"005430","한국공항","KOSPI","운수창고업","56100","-1000","-1.75","177632515500"
"071050","한국금융지주","KOSPI","기타금융","71000","800","1.14","3956545432000"
"071055","한국금융지주우","KOSPI","기타금융","50100","200","0.40","293498375100"
"010040","한국내화","KOSPI","비금속광물","3020","-35","-1.15","124022527240"
"025540","한국단자","KOSPI","전기전자","67200","0","0.00","699888000000"
"010100","한국무브넥스","KOSPI","운수장비","6120","-230","-3.62","186356570400"
"004090","한국석유","KOSPI","비금속광물","12900","-320","-2.42","163754148000"
"002200","한국수출포장","KOSPI","종이목재","3135","35","1.13","125400000000"
"002960","한국쉘석유","KOSPI","화학","240000","-1000","-0.41","312000000000"
"000240","한국앤컴퍼니","KOSPI","기타금융","17480","-20","-0.11","1659467995200"
"123890","한국자산신탁","KOSPI","기타금융","3435","20","0.59","425863578120"
"015760","한국전력","KOSPI","전기가스업","23550","500","2.17","15118254013350"
"006200","한국전자홀딩스","KOSPI","기타금융","977","-17","-1.71","45726663872"
"027970","한국제지","KOSPI","종이목재","1063","-5","-0.47","202159465931"
"023350","한국종합기술","KOSPI","서비스업","5900","-60","-1.01","64605000000"
"025890","한국주강","KOSPI","기계","2755","-20","-0.72","31157008545"
"000970","한국주철관","KOSPI","철강금속","6530","10","0.15","148887265000"
"104700","한국철강","KOSPI","철강금속","6980","20","0.29","296301000000"
"017960","한국카본","KOSPI","기계","10570","-40","-0.38","548672337640"
"161890","한국콜마","KOSPI","화학","47600","-1000","-2.06","1089144168000"
"024720","한국콜마홀딩스","KOSPI","기타금융","7640","0","0.00","280919132800"
"161390","한국타이어앤테크놀로지","KOSPI","화학","58700","200","0.34","7271466550300"
"034830","한국토지신탁","KOSPI","기타금융","1097","-12","-1.08","276980685310"
"007280","한국특강","KOSPI","철강금속","1788","-7","-0.39","108334201224"
"168490","한국패러랠","KOSPI","기타금융","249","-3","-1.19","19924980000"
"047810","한국항공우주","KOSPI","운수장비","53500","-500","-0.93","5214918224500"
"123690","한국화장품","KOSPI","유통업","6220","-90","-1.43","99942960000"
"003350","한국화장품제조","KOSPI","화학","23150","-200","-0.86","104915800000"
"011500","한농화성","KOSPI","화학","16970","-340","-1.96","265360602740"
"002390","한독","KOSPI","의약품","14270","470","3.41","196405615910"
"053690","한미글로벌","KOSPI","서비스업","18510","-160","-0.86","202824250500"
"042700","한미반도체","KOSPI","기계","73800","-2600","-3.40","7183640487600"
"008930","한미사이언스","KOSPI","기타금융","41800","500","1.21","2924200092000"
"128940","한미약품","KOSPI","의약품","332000","-1500","-0.45","4253249012000"
"009240","한샘","KOSPI","유통업","50600","0","0.00","1190816756800"
"020000","한섬","KOSPI","섬유의복","20250","250","1.25","498757500000"
"003680","한성기업","KOSPI","음식료품","5560","-80","-1.42","34524903400"
"105630","한세실업","KOSPI","섬유의복","21700","250","1.17","868000000000"
"069640","한세엠케이","KOSPI","유통업","2110","-20","-0.94","63524719220"
"016450","한세예스24홀딩스","KOSPI","섬유의복","4860","10","0.21","194400000000"
"010420","한솔PNS","KOSPI","유통업","1243","2","0.16","25472813916"
"009180","한솔로지스틱스","KOSPI","운수창고업","2515","-35","-1.37","69796845875"
"213500","한솔제지","KOSPI","종이목재","10970","-90","-0.81","261092318720"
"014680","한솔케미칼","KOSPI","화학","177000","300","0.17","2006329515000"
"004710","한솔테크닉스","KOSPI","전기전자","7070","-190","-2.62","227016837460"
"004150","한솔홀딩스","KOSPI","기타금융","3155","15","0.48","132537060435"
"025750","한솔홈데코","KOSPI","종이목재","808","-6","-0.74","65096640392"
"004960","한신공영","KOSPI","건설업","7250","-120","-1.63","83887589500"
"011700","한신기계","KOSPI","기계","5560","-20","-0.36","180400599560"
"001750","한양증권","KOSPI","증권","10660","230","2.21","135686172440"
"001755","한양증권우","KOSPI","증권","13830","-70","-0.50","7260750000"
"018880","한온시스템","KOSPI","기계","6430","-30","-0.46","3432334000000"
"009420","한올바이오파마","KOSPI","의약품","36650","350","0.96","1914619382700"
"014130","한익스프레스","KOSPI","운수창고업","5030","-130","-2.52","60360000000"
"300720","한일시멘트","KOSPI","비금속광물","12650","50","0.40","876158481000"
"002220","한일철강","KOSPI","철강금속","2565","35","1.38","68478984900"
"006390","한일현대시멘트","KOSPI","비금속광물","15440","-60","-0.39","298419255680"
"003300","한일홀딩스","KOSPI","비금속광물","13290","50","0.38","409769028360"
"051600","한전KPS","KOSPI","건설업","37550","-50","-0.13","1689750000000"
"052690","한전기술","KOSPI","서비스업","72200","1100","1.55","2759484000000"
"130660","한전산업","KOSPI","서비스업","7920","-50","-0.63","258192000000"
"002320","한진","KOSPI","운수창고업","23450","-400","-1.68","350521876600"
"003480","한진중공업홀딩스","KOSPI","전기가스업","3310","-75","-2.22","97743677720"
"180640","한진칼","KOSPI","운수창고업","71600","-200","-0.28","4780179176400"
"18064K","한진칼우","KOSPI","운수창고업","27700","-100","-0.36","14868418200"
"005110","한창","KOSPI","유통업","1210","6","0.50","22513752470"
"009460","한창제지","KOSPI","종이목재","906","-11","-1.20","54058742316"
"372910","한컴라이프케어","KOSPI","의료정밀","4740","-70","-1.46","131176684440"
"000880","한화","KOSPI","화학","29400","100","0.34","2203786809000"
"00088K","한화3우B","KOSPI","화학","15530","290","1.90","348990160000"
"452260","한화갤러리아","KOSPI","유통업","1536","-48","-3.03","297768360960"
"45226K","한화갤러리아우","KOSPI","유통업","3740","-110","-2.86","10862717800"
"451800","한화리츠","KOSPI","서비스업","5010","-30","-0.60","353706000000"
"088350","한화생명","KOSPI","보험","3385","25","0.74","2939974050000"
"000370","한화손해보험","KOSPI","보험","5550","370","7.14","647900978250"
"009830","한화솔루션","KOSPI","화학","26900","-2400","-8.19","4623909218400"
"009835","한화솔루션우","KOSPI","화학","22100","-1100","-4.74","56915212900"
"272210","한화시스템","KOSPI","전기전자","16240","-600","-3.56","3068050877360"
"012450","한화에어로스페이스","KOSPI","운수장비","154100","-3900","-2.47","7802083000000"
"042660","한화오션","KOSPI","운수장비","21900","150","0.69","6709259888100"
"000885","한화우","KOSPI","화학","32950","50","0.15","15792737300"
"003530","한화투자증권","KOSPI","증권","4110","-150","-3.52","881791355250"
"003535","한화투자증권우","KOSPI","증권","8990","-110","-1.21","43152000000"
"195870","해성디에스","KOSPI","전기전자","47800","-400","-0.83","812600000000"
"101530","해태제과식품","KOSPI","음식료품","5470","30","0.55","159269016340"
"143210","핸즈코퍼레이션","KOSPI","운수장비","2830","30","1.07","61908364010"
"000720","현대건설","KOSPI","건설업","33650","-250","-0.74","3747121492250"
"000725","현대건설우","KOSPI","건설업","51900","-300","-0.57","54738566700"
"453340","현대그린푸드","KOSPI","유통업","11870","-80","-0.67","402166449180"
"086280","현대글로비스","KOSPI","운수창고업","190200","2000","1.06","7132500000000"
"064350","현대로템","KOSPI","운수장비","32800","-1700","-4.93","3579867210400"
"079430","현대리바트","KOSPI","기타제조업","7760","-140","-1.77","159353788320"
"012330","현대모비스","KOSPI","운수장비","247000","2500","1.02","23132808218000"
"010620","현대미포조선","KOSPI","운수장비","63900","0","0.00","2552303321100"
"069960","현대백화점","KOSPI","유통업","55200","700","1.28","1291814743200"
"004560","현대비앤지스틸","KOSPI","철강금속","19270","570","3.05","290568687970"
"004310","현대약품","KOSPI","의약품","3935","30","0.77","125920000000"
"017800","현대엘리베이","KOSPI","기계","41400","-250","-0.60","1618424739000"
"307950","현대오토에버","KOSPI","서비스업","152600","-2200","-1.42","4184899653200"
"011210","현대위아","KOSPI","운수장비","61200","100","0.16","1664339079600"
"004020","현대제철","KOSPI","철강금속","34500","0","0.00","4603879582500"
"005440","현대지에프홀딩스","KOSPI","기타금융","4420","-100","-2.21","689097010420"
"005380","현대차","KOSPI","운수장비","244000","500","0.21","51613687464000"
"005387","현대차2우B","KOSPI","운수장비","160200","100","0.06","5786519639400"
"005389","현대차3우B","KOSPI","운수장비","155400","1200","0.78","373651219200"
"005385","현대차우","KOSPI","운수장비","158100","500","0.32","3812284113900"
"001500","현대차증권","KOSPI","증권","9590","-40","-0.42","304123469580"
"011760","현대코퍼레이션","KOSPI","유통업","19050","-320","-1.65","252011802300"
"227840","현대코퍼레이션홀딩스","KOSPI","유통업","11160","60","0.54","101565329760"
"126560","현대퓨처넷","KOSPI","통신업","3735","120","3.32","411607999575"
"001450","현대해상","KOSPI","보험","34650","950","2.82","3097710000000"
"057050","현대홈쇼핑","KOSPI","유통업","47500","1350","2.93","570000000000"
"093240","형지엘리트","KOSPI","섬유의복","1335","10","0.75","41591655330"
"003010","혜인","KOSPI","유통업","5630","-90","-1.57","71572765610"
"111110","호전실업","KOSPI","섬유의복","7470","-20","-0.27","72832380480"
"008770","호텔신라","KOSPI","유통업","60700","-300","-0.49","2382360944700"
"008775","호텔신라우","KOSPI","유통업","46450","0","0.00","34924779550"
"002460","화성산업","KOSPI","건설업","11050","-40","-0.36","112157500000"
"378850","화승알앤에이","KOSPI","운수장비","4400","-95","-2.11","83571941200"
"241590","화승엔터프라이즈","KOSPI","기타제조업","7620","-180","-2.31","461690283120"
"006060","화승인더","KOSPI","화학","3330","-55","-1.62","184215600000"
"013520","화승코퍼레이션","KOSPI","운수장비","2120","-85","-3.85","106108654240"
"010690","화신","KOSPI","운수장비","11890","-210","-1.74","415203674900"
"133820","화인베스틸","KOSPI","철강금속","1014","3","0.30","30336971652"
"010660","화천기계","KOSPI","기계","4215","160","3.95","92730000000"
"000850","화천기공","KOSPI","기계","32950","0","0.00","72490000000"
"016580","환인제약","KOSPI","의약품","14930","-60","-0.40","277699045100"
"032560","황금에스티","KOSPI","철강금속","7200","-100","-1.37","122400000000"
"004800","효성","KOSPI","기타금융","63200","-800","-1.25","1331688780000"
"094280","효성ITX","KOSPI","서비스업","12470","20","0.16","144130754000"
"298040","효성중공업","KOSPI","전기전자","184600","2100","1.15","1721311560800"
"298050","효성첨단소재","KOSPI","화학","322000","-5000","-1.53","1442543256000"
"298020","효성티앤씨","KOSPI","화학","301000","-2500","-0.82","1302632282000"
"298000","효성화학","KOSPI","화학","73500","-1200","-1.61","278698108500"
"093370","후성","KOSPI","화학","8760","-100","-1.13","826524431040"
"081660","휠라홀딩스","KOSPI","유통업","40600","-50","-0.12","2466540213200"
"005870","휴니드","KOSPI","전기전자","6830","-150","-2.15","96412382450"
"079980","휴비스","KOSPI","화학","4035","-95","-2.30","139207500000"
"005010","휴스틸","KOSPI","철강금속","5120","-10","-0.19","287682944000"
"000540","흥국화재","KOSPI","보험","5700","250","4.59","366183076500"
"000545","흥국화재우","KOSPI","보험","6340","0","0.00","4869120000"
"003280","흥아해운","KOSPI","운수창고업","2810","-80","-2.77","675593966190"